{
	"Caffe AlexNet": ["data", "conv1", "norm1", "pool1", "conv2", "norm2", "pool2", "conv3", "conv4", "conv5", "pool5", "fc6", "fc7", "fc8", "prob"],
	"Caffe GoogLeNet": ["data", "conv1/7x7_s2", "pool1/3x3_s2", "pool1/norm1", "conv2/3x3_reduce", "conv2/3x3", "conv2/norm2", "pool2/3x3_s2", "pool2/3x3_s2_pool2/3x3_s2_0_split_0", "pool2/3x3_s2_pool2/3x3_s2_0_split_1", "pool2/3x3_s2_pool2/3x3_s2_0_split_2", "pool2/3x3_s2_pool2/3x3_s2_0_split_3", "inception_3a/1x1", "inception_3a/3x3_reduce", "inception_3a/3x3", "inception_3a/5x5_reduce", "inception_3a/5x5", "inception_3a/pool", "inception_3a/pool_proj", "inception_3a/output", "inception_3a/output_inception_3a/output_0_split_0", "inception_3a/output_inception_3a/output_0_split_1", "inception_3a/output_inception_3a/output_0_split_2", "inception_3a/output_inception_3a/output_0_split_3", "inception_3b/1x1", "inception_3b/3x3_reduce", "inception_3b/3x3", "inception_3b/5x5_reduce", "inception_3b/5x5", "inception_3b/pool", "inception_3b/pool_proj", "inception_3b/output", "pool3/3x3_s2", "pool3/3x3_s2_pool3/3x3_s2_0_split_0", "pool3/3x3_s2_pool3/3x3_s2_0_split_1", "pool3/3x3_s2_pool3/3x3_s2_0_split_2", "pool3/3x3_s2_pool3/3x3_s2_0_split_3", "inception_4a/1x1", "inception_4a/3x3_reduce", "inception_4a/3x3", "inception_4a/5x5_reduce", "inception_4a/5x5", "inception_4a/pool", "inception_4a/pool_proj", "inception_4a/output", "inception_4a/output_inception_4a/output_0_split_0", "inception_4a/output_inception_4a/output_0_split_1", "inception_4a/output_inception_4a/output_0_split_2", "inception_4a/output_inception_4a/output_0_split_3", "inception_4b/1x1", "inception_4b/3x3_reduce", "inception_4b/3x3", "inception_4b/5x5_reduce", "inception_4b/5x5", "inception_4b/pool", "inception_4b/pool_proj", "inception_4b/output", "inception_4b/output_inception_4b/output_0_split_0", "inception_4b/output_inception_4b/output_0_split_1", "inception_4b/output_inception_4b/output_0_split_2", "inception_4b/output_inception_4b/output_0_split_3", "inception_4c/1x1", "inception_4c/3x3_reduce", "inception_4c/3x3", "inception_4c/5x5_reduce", "inception_4c/5x5", "inception_4c/pool", "inception_4c/pool_proj", "inception_4c/output", "inception_4c/output_inception_4c/output_0_split_0", "inception_4c/output_inception_4c/output_0_split_1", "inception_4c/output_inception_4c/output_0_split_2", "inception_4c/output_inception_4c/output_0_split_3", "inception_4d/1x1", "inception_4d/3x3_reduce", "inception_4d/3x3", "inception_4d/5x5_reduce", "inception_4d/5x5", "inception_4d/pool", "inception_4d/pool_proj", "inception_4d/output", "inception_4d/output_inception_4d/output_0_split_0", "inception_4d/output_inception_4d/output_0_split_1", "inception_4d/output_inception_4d/output_0_split_2", "inception_4d/output_inception_4d/output_0_split_3", "inception_4e/1x1", "inception_4e/3x3_reduce", "inception_4e/3x3", "inception_4e/5x5_reduce", "inception_4e/5x5", "inception_4e/pool", "inception_4e/pool_proj", "inception_4e/output", "pool4/3x3_s2", "pool4/3x3_s2_pool4/3x3_s2_0_split_0", "pool4/3x3_s2_pool4/3x3_s2_0_split_1", "pool4/3x3_s2_pool4/3x3_s2_0_split_2", "pool4/3x3_s2_pool4/3x3_s2_0_split_3", "inception_5a/1x1", "inception_5a/3x3_reduce", "inception_5a/3x3", "inception_5a/5x5_reduce", "inception_5a/5x5", "inception_5a/pool", "inception_5a/pool_proj", "inception_5a/output", "inception_5a/output_inception_5a/output_0_split_0", "inception_5a/output_inception_5a/output_0_split_1", "inception_5a/output_inception_5a/output_0_split_2", "inception_5a/output_inception_5a/output_0_split_3", "inception_5b/1x1", "inception_5b/3x3_reduce", "inception_5b/3x3", "inception_5b/5x5_reduce", "inception_5b/5x5", "inception_5b/pool", "inception_5b/pool_proj", "inception_5b/output", "pool5/7x7_s1", "loss3/classifier", "prob"],
	"Caffe VGG-16": ["data", "conv1_1", "conv1_2", "pool1", "conv2_1", "conv2_2", "pool2", "conv3_1", "conv3_2", "conv3_3", "pool3", "conv4_1", "conv4_2", "conv4_3", "pool4", "conv5_1", "conv5_2", "conv5_3", "pool5", "fc6", "fc7", "fc8", "prob"],
	"Keras VGG-16": ["block1_conv1", "block1_conv2", "block1_pool", "block2_conv1", "block2_conv2", "block2_pool", "block3_conv1", "block3_conv2", "block3_conv3", "block3_pool", "block4_conv1", "block4_conv2", "block4_conv3", "block4_pool", "block5_conv1", "block5_conv2", "block5_conv3", "block5_pool"],
	"Keras VGG-19": ["block1_conv1", "block1_conv2", "block1_pool", "block2_conv1", "block2_conv2", "block2_pool", "block3_conv1", "block3_conv2", "block3_conv3", "block3_conv4", "block3_pool", "block4_conv1", "block4_conv2", "block4_conv3", "block4_conv4", "block4_pool", "block5_conv1", "block5_conv2", "block5_conv3", "block5_conv4", "block5_pool"],
	"Keras ResNet50": ["res2a_branch1", "res2a_branch2a", "res2a_branch2b", "res2a_branch2c", "res2b_branch2a", "res2b_branch2b", "res2b_branch2c", "res2c_branch2a", "res2c_branch2b", "res2c_branch2c", "res3a_branch1", "res3a_branch2a", "res3a_branch2b",
		"res3a_branch2c", "res3b_branch2a", "res3b_branch2b", "res3b_branch2c", "res3c_branch2a", "res3c_branch2b", "res3c_branch2c", "res3d_branch2a", "res3d_branch2b", "res3d_branch2c", "res4a_branch1", "res4a_branch2a", "res4a_branch2b", "res4a_branch2c",
		"res4b_branch2a", "res4b_branch2b", "res4b_branch2c", "res4c_branch2a", "res4c_branch2b", "res4c_branch2c", "res4d_branch2a", "res4d_branch2b", "res4d_branch2c", "res4e_branch2a", "res4e_branch2b", "res4e_branch2c", "res4f_branch2a", "res4f_branch2b", "res4f_branch2c", "res5a_branch1", "res5a_branch2a", "res5a_branch2b", "res5a_branch2c", "res5b_branch2a", "res5b_branch2b", "res5b_branch2c", "res5c_branch2a", "res5c_branch2b", "res5c_branch2c"
	],
	"Keras Inception_V3": ["mixed0", "mixed1", "mixed2", "mixed3", "mixed4", "mixed5", "mixed6", "mixed7", "mixed8", "mixed9", "mixed10"]
}
